month,sentiment_mean,sentiment_std,post_count,topic
2017-01,,,,china
2017-02,,,,china
2017-03,,,,china
2017-04,,,,china
2017-05,,,,china
2017-06,,,,china
2017-07,,,,china
2017-08,,,,china
2017-09,,,,china
2017-10,,,,china
2017-11,,,,china
2017-12,,,,china
2018-01,,,,china
2018-02,,,,china
2018-03,,,,china
2018-04,,,,china
2018-05,,,,china
2018-06,,,,china
2018-07,,,,china
2018-08,,,,china
2018-09,,,,china
2018-10,,,,china
2018-11,-0.6,0.6146362971528592,10.0,china
2018-12,-0.7142857142857143,0.6419407387663694,14.0,china
2019-01,-0.5357142857142857,0.771219955512187,14.0,china
2019-02,0.1111111111111111,0.8936504412303007,9.0,china
2019-03,-0.5833333333333334,0.6336522323129238,12.0,china
2019-04,-0.3125,0.7989949043284678,8.0,china
2019-05,-0.35526315789473684,0.8046141826554505,38.0,china
2019-06,-0.487146529562982,0.7554539371491567,389.0,china
