month,sentiment_mean,sentiment_std,post_count,topic
2017-01,-0.2390778341020147,0.35041322532345365,24.0,china
2017-02,-0.37542926992934483,0.41121115762120874,26.0,china
2017-03,-0.2026287253201008,0.5450202954230444,25.0,china
2017-04,-0.316511554569006,0.349469649370549,25.0,china
2017-05,-0.27549914717674256,0.31535259792928694,55.0,china
2017-06,-0.12827865086810689,0.46295844812583276,71.0,china
2017-07,-0.35174202049771947,0.35636703646604945,12.0,china
2017-08,-0.3343097416772729,0.34470399936717183,21.0,china
2017-09,-0.17950075545481273,0.2456407973104095,7.0,china
2017-10,-0.3144378662109375,0.3436887753111317,54.0,china
2017-11,-0.215066056479426,0.39285761644280637,51.0,china
2017-12,-0.15380223183070912,0.23622742253186207,17.0,china
2018-01,,,,china
2018-02,-0.10927354792071568,0.39442629894279807,91.0,china
2018-03,-0.3033610819838941,0.3623382961534265,196.0,china
2018-04,-0.17341247406499138,0.3401499042835067,29.0,china
2018-05,-0.3149201485724328,0.35779703738153723,167.0,china
2018-06,-0.3101763231177887,0.40038471049833335,167.0,china
2018-07,-0.3029459618298071,0.43820711709537336,140.0,china
2018-08,-0.3359420956762809,0.3265700518177127,179.0,china
2018-09,-0.18761884487204014,0.3852350734002869,31.0,china
2018-10,-0.2944008655394569,0.41093163943760225,165.0,china
2018-11,-0.2837386297902056,0.3914014665984299,255.0,china
2018-12,-0.2713544312446397,0.39830998757704184,490.0,china
2019-01,-0.26207978192033654,0.4312298395674298,289.0,china
2019-02,-0.24981302241773884,0.408791431371693,223.0,china
2019-03,-0.2913839419781569,0.3944998816286504,503.0,china
2019-04,-0.2807643505079406,0.41151135453141485,455.0,china
2019-05,-0.27461172985572163,0.39054539965116336,1427.0,china
2019-06,-0.28982969245584184,0.4226435257951091,5146.0,china
