month,sentiment_mean,sentiment_std,post_count,topic
2017-01,,,,china
2017-02,,,,china
2017-03,,,,china
2017-04,,,,china
2017-05,,,,china
2017-06,,,,china
2017-07,,,,china
2017-08,,,,china
2017-09,,,,china
2017-10,,,,china
2017-11,,,,china
2017-12,,,,china
2018-01,,,,china
2018-02,,,,china
2018-03,,,,china
2018-04,,,,china
2018-05,,,,china
2018-06,,,,china
2018-07,,,,china
2018-08,,,,china
2018-09,,,,china
2018-10,,,,china
2018-11,-0.275054557621479,0.2876325436916989,10.0,china
2018-12,-0.30603837434734615,0.25260842920546495,14.0,china
2019-01,-0.21978650854102202,0.4255634170693456,14.0,china
2019-02,-0.17443931930594975,0.24068469324044986,9.0,china
2019-03,-0.2916949813564618,0.35270793049098753,12.0,china
2019-04,-0.26405279617756605,0.21558385350054116,8.0,china
2019-05,-0.19327940086000844,0.32665494895752856,38.0,china
2019-06,-0.25720062248102343,0.35500079459054973,389.0,china
