month,sentiment_mean,sentiment_std,post_count,topic
2017-01,-0.1992763765156269,0.11974393287155136,2.0,iran
2017-02,-0.02292019749681155,0.576602101071401,3.0,iran
2017-03,-0.02868957258760929,,1.0,iran
2017-04,-0.23700885474681854,0.0667973811665819,2.0,iran
2017-05,-0.026097956113517284,0.09007370545253113,4.0,iran
2017-06,-0.41225945204496384,0.4607640255610875,2.0,iran
2017-07,-0.28192121783892315,0.3338030293071868,3.0,iran
2017-08,-0.19381729699671268,0.21270935714534603,2.0,iran
2017-09,-0.539317232867082,0.416030265332244,3.0,iran
2017-10,,,,iran
2017-11,-0.30830366164445877,0.35466496103918793,2.0,iran
2017-12,-0.09889581799507141,0.09408257654295853,2.0,iran
2018-01,-0.16267592646181583,0.44133334550268083,8.0,iran
2018-02,-0.6448659002780914,0.03786207345073101,2.0,iran
2018-03,-0.2849099040031433,,1.0,iran
2018-04,-0.02103913016617298,0.02184740634732304,2.0,iran
2018-05,-0.0866374708712101,0.27191696724687175,4.0,iran
2018-06,-0.4318598657846451,0.01108531658136556,2.0,iran
2018-07,-0.5480690836906433,0.23933265424791106,5.0,iran
2018-08,-0.3199100521477786,0.28508883197119234,11.0,iran
2018-09,-0.20321806174303805,0.32134969514704853,7.0,iran
2018-10,-0.06856604292988777,0.04133582072107006,3.0,iran
2018-11,-0.04796455800533295,,1.0,iran
2018-12,-0.18347306549549103,,1.0,iran
2019-01,-0.1096026599407196,0.10051936968808779,2.0,iran
2019-02,-0.6681438287099203,0.06759343104336732,3.0,iran
2019-03,,,,iran
2019-04,-0.30859507620334625,0.2710694581731192,2.0,iran
2019-05,-0.2674839292175886,0.2508114289783202,41.0,iran
2019-06,-0.33379968852315045,0.26242462367925795,365.0,iran
