month,sentiment_mean,sentiment_std,post_count,topic
2017-01,-0.39750507050617173,0.385634027383443,44.0,iran
2017-02,-0.39999354345833554,0.3736587353072702,17.0,iran
2017-03,-0.3160318618433343,0.30858652610904685,9.0,iran
2017-04,-0.13423154428601264,0.1143390647964385,5.0,iran
2017-05,-0.18204426925097192,0.4473177167233891,56.0,iran
2017-06,-0.0923981310735489,0.5497161803489052,29.0,iran
2017-07,-0.2210615836083889,0.2649047965862944,17.0,iran
2017-08,-0.3845066985115409,0.2627610960385423,20.0,iran
2017-09,-0.290211246898159,0.38734800976810924,78.0,iran
2017-10,,,,iran
2017-11,-0.2695954779628664,0.44978815022006147,48.0,iran
2017-12,-0.4105552865132209,0.4325038581947611,31.0,iran
2018-01,-0.3270645867113346,0.4360900776962742,81.0,iran
2018-02,-0.45356850609183313,0.34405647267115663,75.0,iran
2018-03,-0.1862663487819108,0.3264827123120279,11.0,iran
2018-04,-0.26084480745097,0.2595613189325445,6.0,iran
2018-05,-0.21836546642912757,0.4200676048362442,9.0,iran
2018-06,-0.5382105326652527,0.39122056942727135,25.0,iran
2018-07,-0.45542818532117363,0.3227074085112761,103.0,iran
2018-08,-0.3215206908908757,0.3425500732353634,165.0,iran
2018-09,-0.3258959506096881,0.39104625066440757,172.0,iran
2018-10,-0.28868559694074725,0.3854567055800235,83.0,iran
2018-11,-0.24103311416419113,0.38809791269022637,34.0,iran
2018-12,-0.19793500999609628,0.24212132865086589,12.0,iran
2019-01,-0.30707383684813977,0.40825249366107585,50.0,iran
2019-02,-0.37413928976489436,0.4279784466632415,45.0,iran
2019-03,-0.2857517602543036,0.32402046865123835,15.0,iran
2019-04,-0.292224101929201,0.3142180478403809,54.0,iran
2019-05,-0.3244526853629382,0.36165579221644606,982.0,iran
2019-06,-0.37525502630241014,0.4009185668419052,3709.0,iran
