month,sentiment_mean,sentiment_std,post_count,topic
2017-01,-0.5,0.7071067811865476,2.0,iran
2017-02,-0.16666666666666666,1.0408329997330663,3.0,iran
2017-03,-1.0,,1.0,iran
2017-04,0.0,1.4142135623730951,2.0,iran
2017-05,0.0,0.816496580927726,4.0,iran
2017-06,-0.5,0.7071067811865476,2.0,iran
2017-07,-1.0,0.0,3.0,iran
2017-08,0.0,0.0,2.0,iran
2017-09,-0.5,0.5,3.0,iran
2017-10,,,,iran
2017-11,0.0,1.4142135623730951,2.0,iran
2017-12,-1.0,0.0,2.0,iran
2018-01,-0.375,0.9161253813129043,8.0,iran
2018-02,-1.0,0.0,2.0,iran
2018-03,-0.5,,1.0,iran
2018-04,0.25,0.3535533905932738,2.0,iran
2018-05,-0.125,1.0307764064044151,4.0,iran
2018-06,-0.75,0.3535533905932738,2.0,iran
2018-07,-0.5,0.8660254037844386,5.0,iran
2018-08,-0.8181818181818182,0.46220813886858764,11.0,iran
2018-09,-0.7857142857142857,0.5669467095138409,7.0,iran
2018-10,-0.6666666666666666,0.5773502691896258,3.0,iran
2018-11,-1.0,,1.0,iran
2018-12,-1.0,,1.0,iran
2019-01,0.0,0.0,2.0,iran
2019-02,-0.3333333333333333,1.1547005383792517,3.0,iran
2019-03,,,,iran
2019-04,-1.0,0.0,2.0,iran
2019-05,-0.5121951219512195,0.7114053422456212,41.0,iran
2019-06,-0.6643835616438356,0.6580795116739936,365.0,iran
