month,sentiment_mean,sentiment_std,post_count,topic
2017-01,-0.2571539982621159,0.26408380968403916,7,nk
2017-02,-0.18487263075076044,0.3101728283122135,8,nk
2017-03,-0.2871937317152818,0.33547963945424575,15,nk
2017-04,-0.15135082949338288,0.30146263536314477,29,nk
2017-05,-0.19914921652525663,0.41571818094896323,14,nk
2017-06,-0.27630679272115233,0.3477209056625174,10,nk
2017-07,-0.25067167001014407,0.37539593928556536,22,nk
2017-08,-0.3166836418614194,0.27774442226078694,37,nk
2017-09,-0.29001473465267524,0.2733691304800812,81,nk
2017-10,-0.2921246884390712,0.29840953863434744,40,nk
2017-11,-0.2912429618752665,0.346894503433351,36,nk
2017-12,-0.18412586546037346,0.2730757163500055,32,nk
2018-01,-0.23735138915222267,0.3321035798256545,29,nk
2018-02,-0.17436670288443565,0.2798494053233166,20,nk
2018-03,-0.05724087820521423,0.26124520399173523,35,nk
2018-04,-0.15754765627284845,0.3701817731695546,75,nk
2018-05,-0.17049019339103852,0.35266026893908625,62,nk
2018-06,-0.1580246783172091,0.3317340232219592,42,nk
2018-07,-0.1955690637230873,0.30762999465586266,30,nk
2018-08,-0.22557689159594732,0.3155694277094538,29,nk
2018-09,-0.13071157123361316,0.31632423229097045,35,nk
2018-10,-0.19416735343196811,0.3260680108433624,17,nk
2018-11,-0.19923340707706907,0.28357566345720375,24,nk
2018-12,-0.04752120161429048,0.22199005576410066,20,nk
2019-01,-0.1686694768390485,0.2287037524425422,28,nk
2019-02,-0.03112123306426737,0.4047706405702154,18,nk
2019-03,-0.2020912451048692,0.27001476820088605,15,nk
2019-04,-0.2100963438861072,0.47206479710846067,20,nk
2019-05,-0.22009371945427525,0.3060698471659252,27,nk
2019-06,-0.14435424167840255,0.39125811020858325,21,nk
