month,sentiment_mean,sentiment_std,post_count,topic
2017-01,-0.40746103865759714,0.9538849838478398,7,northkorea
2017-02,-0.20232361555099487,0.9919813939471346,8,northkorea
2017-03,-0.3153316458066305,0.930234870425994,15,northkorea
2017-04,-0.626212268040098,0.715571517686233,29,northkorea
2017-05,-0.26470928532736643,0.9422449581762191,14,northkorea
2017-06,-0.009271872043609608,1.0237222618735653,10,northkorea
2017-07,-0.3602277473969893,0.9089933184696783,22,northkorea
2017-08,-0.48649357460640574,0.8451988844754806,37,northkorea
2017-09,-0.49594390760233376,0.8061514396689677,81,northkorea
2017-10,-0.5560218080878258,0.7765494799842703,40,northkorea
2017-11,-0.5496729065974554,0.8211944601401844,36,northkorea
2017-12,-0.4900605548173189,0.8223316381938403,32,northkorea
2018-01,-0.6873597441048458,0.6741380795202875,29,northkorea
2018-02,-0.2803973764181137,0.9347691042279224,20,northkorea
2018-03,-0.19791443007332937,0.9649899037728618,35,northkorea
2018-04,-0.24296961148579915,0.9268242704940864,75,northkorea
2018-05,-0.27937844780183607,0.932524100404209,62,northkorea
2018-06,-0.1402634935719626,0.9341133970267964,42,northkorea
2018-07,-0.5909887115160625,0.8001154425462795,30,northkorea
2018-08,-0.14957132832757358,0.9481237411162902,29,northkorea
2018-09,0.012692361218588683,0.9644575374119025,35,northkorea
2018-10,-0.28789690662832823,0.899530759727305,17,northkorea
2018-11,-0.3293450623750686,0.9099317916318727,24,northkorea
2018-12,-0.1260812759399414,0.9610063539388268,20,northkorea
2019-01,-0.2963630812508719,0.9241412970820543,28,northkorea
2019-02,0.09651240375306869,0.9836594347663227,18,northkorea
2019-03,-0.3499569892883301,0.8903937474540096,15,northkorea
2019-04,-0.5797729760408401,0.8073415560680954,20,northkorea
2019-05,-0.4951084918446011,0.7798589269827916,27,northkorea
2019-06,-0.015805042925335105,0.9736653869010105,21,northkorea
