month,sentiment_mean,sentiment_std,post_count,topic
2017-01,-0.30552077823181134,0.4295207269642283,122,nk
2017-02,-0.37793086381094865,0.3210009835381594,129,nk
2017-03,-0.36503289036557707,0.3751555388547293,142,nk
2017-04,-0.35405721069812013,0.4242212782313561,469,nk
2017-05,-0.3490062930529386,0.4229361354035457,213,nk
2017-06,-0.2645865984216153,0.4605610919606548,83,nk
2017-07,-0.3943176454383847,0.429437863951616,686,nk
2017-08,-0.4261003178404177,0.3599693442569787,598,nk
2017-09,-0.43588402577329577,0.36501293728549333,1108,nk
2017-10,-0.40856231320899405,0.40414419260508716,596,nk
2017-11,-0.3571607142233768,0.41141179213180695,370,nk
2017-12,-0.2828800635243004,0.45434356631132905,165,nk
2018-01,-0.36161335806536954,0.40137699328154114,384,nk
2018-02,-0.3873734935394183,0.4220815477634425,494,nk
2018-03,-0.3102565985712884,0.3880075352623131,621,nk
2018-04,-0.3026576152887199,0.44709429392549466,1121,nk
2018-05,-0.3607291966877384,0.4375629129257471,724,nk
2018-06,-0.3790111791667815,0.4277669246140802,939,nk
2018-07,-0.4101076919576199,0.41768031035560266,402,nk
2018-08,-0.36600307636782403,0.4134342385927135,591,nk
2018-09,-0.3084332478450127,0.4271874502370979,454,nk
2018-10,-0.2137683450692255,0.41005454207862985,131,nk
2018-11,-0.35657855490683965,0.47678536838114033,327,nk
2018-12,-0.22685122418289,0.41446670024938853,91,nk
2019-01,-0.2834321258152709,0.4600294150911308,324,nk
2019-02,-0.3001037827796406,0.39079934310025277,270,nk
2019-03,-0.29120204015815443,0.48239649605529644,258,nk
2019-04,-0.29626849249470977,0.4305246636550995,160,nk
2019-05,-0.40953107385702453,0.3999591859211684,351,nk
2019-06,-0.19518269900268373,0.526719696831567,208,nk
