month,sentiment_mean,sentiment_std,post_count,topic
2017-01,-0.2594217041879892,0.3992869125861706,100.0,russia
2017-02,-0.30513964054223736,0.407239409027065,76.0,russia
2017-03,-0.22229450444380439,0.30222633466205323,6.0,russia
2017-04,-0.31738311106649536,0.4095033182273762,120.0,russia
2017-05,-0.49248089827597136,0.6084097859103321,2.0,russia
2017-06,-0.2591500128619373,0.4485486154787696,88.0,russia
2017-07,-0.3137460270825821,0.4065142230408996,79.0,russia
2017-08,-0.1567374447626727,0.3621683770083234,35.0,russia
2017-09,-0.33010549671374834,0.37886774778219773,13.0,russia
2017-10,-0.14642341434955597,0.5204877603461365,8.0,russia
2017-11,-0.1579985783124963,0.478857263073942,36.0,russia
2017-12,,,,russia
2018-01,-0.5108158499747515,0.4262517244167807,50.0,russia
2018-02,-0.21173750143498182,0.344035774951233,24.0,russia
2018-03,-0.43222908403088406,0.31476272100092173,82.0,russia
2018-04,,,,russia
2018-05,-0.19374086141586302,0.4565476985463679,50.0,russia
2018-06,-0.3517528629269112,0.351682902080909,66.0,russia
2018-07,-0.3293978859885381,0.37868365432390794,468.0,russia
2018-08,-0.22123991870986562,0.3965247956201805,126.0,russia
2018-09,-0.13105286333871927,0.30390247453847535,23.0,russia
2018-10,-0.3950534832020302,0.39227111225810857,233.0,russia
2018-11,-0.29700988188856076,0.3815599706763883,523.0,russia
2018-12,-0.27015925088198856,0.4076880519917397,512.0,russia
2019-01,-0.3111777649621687,0.38948924061176193,767.0,russia
2019-02,-0.33014556389876953,0.3968200119145661,473.0,russia
2019-03,-0.32289918963313796,0.3929430968813658,857.0,russia
2019-04,-0.24677050337421685,0.3858035682265336,1317.0,russia
2019-05,-0.30598155398638205,0.4135331663548794,1300.0,russia
2019-06,-0.33180660898517533,0.43020969577674956,5894.0,russia
