month,sentiment_mean,sentiment_std,post_count,topic
2017-01,,,,russia
2017-02,,,,russia
2017-03,,,,russia
2017-04,,,,russia
2017-05,,,,russia
2017-06,,,,russia
2017-07,,,,russia
2017-08,,,,russia
2017-09,,,,russia
2017-10,,,,russia
2017-11,,,,russia
2017-12,,,,russia
2018-01,,,,russia
2018-02,,,,russia
2018-03,,,,russia
2018-04,,,,russia
2018-05,,,,russia
2018-06,,,,russia
2018-07,,,,russia
2018-08,,,,russia
2018-09,,,,russia
2018-10,,,,russia
2018-11,-0.20970758383295365,0.24893432906658972,14.0,russia
2018-12,-0.22557707751790682,0.24520546527053866,15.0,russia
2019-01,-0.21181957060961346,0.26252071407490835,19.0,russia
2019-02,-0.30227126447217806,0.2948676731799174,7.0,russia
2019-03,-0.19293397940371348,0.24636516587263285,23.0,russia
2019-04,-0.24027273730904447,0.2644972062924466,51.0,russia
2019-05,-0.2692348645167782,0.3276203947595916,47.0,russia
2019-06,-0.27912782220384824,0.3167561213013046,416.0,russia
