month,sentiment_mean,sentiment_std,post_count,topic
2017-01,,,,russia
2017-02,,,,russia
2017-03,,,,russia
2017-04,,,,russia
2017-05,,,,russia
2017-06,,,,russia
2017-07,,,,russia
2017-08,,,,russia
2017-09,,,,russia
2017-10,,,,russia
2017-11,,,,russia
2017-12,,,,russia
2018-01,,,,russia
2018-02,,,,russia
2018-03,,,,russia
2018-04,,,,russia
2018-05,,,,russia
2018-06,,,,russia
2018-07,,,,russia
2018-08,,,,russia
2018-09,,,,russia
2018-10,,,,russia
2018-11,-0.6785714285714286,0.6387229704394801,14.0,russia
2018-12,-0.26666666666666666,0.8423323628614833,15.0,russia
2019-01,-0.34210526315789475,0.817391371969854,19.0,russia
2019-02,-0.14285714285714285,0.6900655593423543,7.0,russia
2019-03,-0.3695652173913043,0.7105918036836977,23.0,russia
2019-04,-0.39215686274509803,0.7636342415724696,51.0,russia
2019-05,-0.39361702127659576,0.7727433499690367,47.0,russia
2019-06,-0.6739811912225705,0.6601744668564081,319.0,russia
