{
  "threat_China": {
    "outcome": "threat_prop",
    "control": "China",
    "did_estimate": -0.1697538388553519,
    "se": 0.07168015605223543,
    "p_value": 0.017874268137695,
    "ci_lower": -0.31024694471773334,
    "ci_upper": -0.02926073299297044,
    "means": {
      "nk_pre": 0.6463242699530712,
      "nk_post": 0.41679150895084477,
      "control_pre": 0.4123712933111351,
      "control_post": 0.3525923711642602
    },
    "n_obs": 72,
    "r_squared": 0.34591653685629464
  },
  "diplomacy_China": {
    "outcome": "diplomacy_prop",
    "control": "China",
    "did_estimate": 0.26409062093921515,
    "se": 0.05512343002790529,
    "p_value": 1.6603816936791542e-06,
    "ci_lower": 0.15604869808452076,
    "ci_upper": 0.37213254379390953,
    "means": {
      "nk_pre": 0.18473447101725143,
      "nk_post": 0.3796708985187102,
      "control_pre": 0.15715419936106875,
      "control_post": 0.08800000592331234
    },
    "n_obs": 72,
    "r_squared": 0.5493878264337915
  },
  "threat_Iran": {
    "outcome": "threat_prop",
    "control": "Iran",
    "did_estimate": -0.2270546818423993,
    "se": 0.06823777227656677,
    "p_value": 0.0008765897724530627,
    "ci_lower": -0.3608007155044701,
    "ci_upper": -0.09330864818032844,
    "means": {
      "nk_pre": 0.6463242699530712,
      "nk_post": 0.41679150895084477,
      "control_pre": 0.5295577819469864,
      "control_post": 0.5270797027871589
    },
    "n_obs": 72,
    "r_squared": 0.26156133757566713
  },
  "diplomacy_Iran": {
    "outcome": "diplomacy_prop",
    "control": "Iran",
    "did_estimate": 0.1610623428035169,
    "se": 0.05469309356169316,
    "p_value": 0.0032312298619619974,
    "ci_lower": 0.05386387942259829,
    "ci_upper": 0.2682608061844355,
    "means": {
      "nk_pre": 0.18473447101725143,
      "nk_post": 0.3796708985187102,
      "control_pre": 0.16432248326717688,
      "control_post": 0.19819656796511864
    },
    "n_obs": 72,
    "r_squared": 0.39988815928759935
  }
}