{
  "control_group": "Russia",
  "n_observations": 58,
  "n_treatment": 30,
  "n_control": 28,
  "ols": {
    "did_estimate": 0.006705217473883079,
    "se": 0.0068097802061951,
    "p_value": 0.3294467612801547,
    "ci_lower": -0.006965986747492227,
    "ci_upper": 0.020376421695258384,
    "r_squared": 0.1470993051060132,
    "beta4_pre_trend_diff": -0.00288168798246537,
    "beta4_pvalue": 0.6506710540301917,
    "beta5_level_change": -0.03643050414918348,
    "beta5_pvalue": 0.7668655817685579
  },
  "slopes": {
    "nk_pre_slope": -0.0021156270216780254,
    "nk_post_slope": 0.004589590452205054,
    "nk_slope_change": 0.00670521747388308,
    "control_pre_slope": 0.0007660609607873444,
    "control_post_slope": 0.0007660609607873444,
    "control_slope_change": 0.0
  },
  "clustered": {
    "did_estimate": 0.006705217473883079,
    "se": 0.004527452574777602,
    "p_value": 0.13860302966062144,
    "ci_lower": -0.002168426514394156,
    "ci_upper": 0.015578861462160313
  }
}