{
  "Iran": {
    "did_estimate": 0.06271334158796679,
    "se": 0.03938320338299564,
    "p_value": 0.11129754447833047,
    "ci_lower": -0.014476318638520683,
    "ci_upper": 0.13990300181445425,
    "means": {
      "nk_pre": -0.3621447547281834,
      "nk_post": -0.313132309009464,
      "control_pre": -0.29836675436274757,
      "control_post": -0.312067650231995
    }
  },
  "Russia": {
    "did_estimate": 0.06369917312263426,
    "se": 0.04620767068327409,
    "p_value": 0.16803628778920954,
    "ci_lower": -0.026866197226070268,
    "ci_upper": 0.15426454347133878,
    "means": {
      "nk_pre": -0.3621447547281834,
      "nk_post": -0.313132309009464,
      "control_pre": -0.28334109107763256,
      "control_post": -0.2980278184815474
    }
  },
  "China": {
    "did_estimate": 0.07984742385893101,
    "se": 0.02858299936091766,
    "p_value": 0.005213643163959813,
    "ci_lower": 0.023825774541401015,
    "ci_upper": 0.13586907317646102,
    "means": {
      "nk_pre": -0.3621447547281834,
      "nk_post": -0.313132309009464,
      "control_pre": -0.24581210784899293,
      "control_post": -0.2766470859892046
    }
  }
}