{
  "Iran": {
    "control_group": "Iran",
    "beta4_treat_time": 0.011618738751712364,
    "se": 0.029048011340509477,
    "p_value": 0.6891683272312344,
    "pass": true,
    "n_obs": 28
  },
  "Russia": {
    "control_group": "Russia",
    "beta4_treat_time": 0.08837380060417227,
    "se": 0.033611641949655664,
    "p_value": 0.0085570498209868,
    "pass": false,
    "n_obs": 28
  },
  "China": {
    "control_group": "China",
    "beta4_treat_time": 0.06722563135648127,
    "se": 0.0354146908411264,
    "p_value": 0.05766429304291891,
    "pass": false,
    "n_obs": 28
  }
}