{
  "Iran": {
    "control_group": "Iran",
    "did_estimate_monthly": -0.06462348289570072,
    "se": 0.04036532307183587,
    "p_value": 0.10938459763182862,
    "ci_lower": -0.14373951611649904,
    "ci_upper": 0.014492550325097595,
    "cumulative_15mo": -0.9693522434355107,
    "n_obs": 60,
    "r_squared": 0.5006083726728903
  },
  "Russia": {
    "control_group": "Russia",
    "did_estimate_monthly": -0.06462348289570069,
    "se": 0.04036532307183602,
    "p_value": 0.10938459763183003,
    "ci_lower": -0.14373951611649927,
    "ci_upper": 0.0144925503250979,
    "cumulative_15mo": -0.9693522434355104,
    "n_obs": 60,
    "r_squared": 0.463849252662324
  },
  "China": {
    "control_group": "China",
    "did_estimate_monthly": -0.06462348289570069,
    "se": 0.04036532307183574,
    "p_value": 0.10938459763182759,
    "ci_lower": -0.14373951611649874,
    "ci_upper": 0.014492550325097359,
    "cumulative_15mo": -0.9693522434355104,
    "n_obs": 60,
    "r_squared": 0.4791466279612613
  }
}