{
  "Iran": {
    "control_group": "Iran",
    "did_estimate": 0.9185591448946657,
    "se": 0.2124385200954841,
    "p_value": 1.5330714926728628e-05,
    "ci_lower": 0.5021796455075169,
    "ci_upper": 1.3349386442818145,
    "means": {
      "nk_pre": -0.9231795978716395,
      "nk_post": 0.10830999573689695,
      "control_pre": -0.7304705973596193,
      "control_post": -0.6175401486457486
    },
    "n_obs": 60,
    "r_squared": 0.46396067782618533
  },
  "Russia": {
    "control_group": "Russia",
    "did_estimate": 1.1929931152051525,
    "se": 0.24461159760599052,
    "p_value": 1.0766156538078944e-06,
    "ci_lower": 0.7135543838974111,
    "ci_upper": 1.672431846512894,
    "means": {
      "nk_pre": -0.9231795978716395,
      "nk_post": 0.10830999573689695,
      "control_pre": -0.28987106105560473,
      "control_post": -0.4513745826522211
    },
    "n_obs": 60,
    "r_squared": 0.42120429926884917
  },
  "China": {
    "control_group": "China",
    "did_estimate": 1.1357884733377743,
    "se": 0.2144972593066186,
    "p_value": 1.189390518962856e-07,
    "ci_lower": 0.7153738450968019,
    "ci_upper": 1.5562031015787468,
    "means": {
      "nk_pre": -0.9231795978716395,
      "nk_post": 0.10830999573689695,
      "control_pre": -0.5104341879001326,
      "control_post": -0.6147330676293707
    },
    "n_obs": 60,
    "r_squared": 0.44984649688677036
  }
}