{
  "Iran": {
    "control_group": "Iran",
    "did_estimate": 0.6994561553843129,
    "se": 0.18742863594066453,
    "p_value": 0.00019007626275892629,
    "ci_lower": 0.33209602894061047,
    "ci_upper": 1.0668162818280154,
    "means": {
      "nk_pre": -0.9591970109959528,
      "nk_post": -0.12051616686785166,
      "control_pre": -0.9029154802924105,
      "control_post": -0.7636907915486233
    },
    "n_obs": 72,
    "r_squared": 0.3979138845372784
  },
  "Russia": {
    "control_group": "Russia",
    "did_estimate": 0.8609581998513902,
    "se": 0.24448631161788703,
    "p_value": 0.00042911496144148336,
    "ci_lower": 0.38176502908033166,
    "ci_upper": 1.3401513706224488,
    "means": {
      "nk_pre": -0.9591970109959528,
      "nk_post": -0.12051616686785166,
      "control_pre": -0.5237300479477028,
      "control_post": -0.5460074036709931
    },
    "n_obs": 72,
    "r_squared": 0.29289872013718377
  },
  "China": {
    "control_group": "China",
    "did_estimate": 0.9922259838804017,
    "se": 0.21140125507646,
    "p_value": 2.684818208590466e-06,
    "ci_lower": 0.5778795239305401,
    "ci_upper": 1.4065724438302634,
    "means": {
      "nk_pre": -0.9591970109959528,
      "nk_post": -0.12051616686785166,
      "control_pre": -0.7135307304510824,
      "control_post": -0.8670758702033843
    },
    "n_obs": 72,
    "r_squared": 0.38384869005111166
  }
}