{
  "p1_framing": {
    "THREAT": 77.89473684210526,
    "NEUTRAL": 18.684210526315788,
    "PARTNER": 2.1052631578947367,
    "VICTIM": 1.3157894736842104
  },
  "p2_framing": {
    "THREAT": 53.68098159509203,
    "NEUTRAL": 28.834355828220858,
    "PARTNER": 12.883435582822086,
    "VICTIM": 4.601226993865031
  },
  "chi2": 58.62364055027818,
  "pvalue": 1.1567565471736406e-12,
  "threat_change": -24.213755247013232,
  "partner_change": 10.77817242492735
}