{
  "Iran": {
    "control_group": "Iran",
    "did_estimate_monthly": -0.08626170579133717,
    "se": 0.0335297617402099,
    "p_value": 0.010091134902089148,
    "ci_lower": -0.15198003880214855,
    "ci_upper": -0.020543372780525773,
    "cumulative_15mo": -1.2939255868700577,
    "n_obs": 72,
    "r_squared": 0.46517446813755403
  },
  "Russia": {
    "control_group": "Russia",
    "did_estimate_monthly": -0.08626170579133743,
    "se": 0.033529761740209996,
    "p_value": 0.010091134902089125,
    "ci_lower": -0.15198003880214903,
    "ci_upper": -0.020543372780525843,
    "cumulative_15mo": -1.2939255868700614,
    "n_obs": 72,
    "r_squared": 0.3861419362130325
  },
  "China": {
    "control_group": "China",
    "did_estimate_monthly": -0.08626170579133746,
    "se": 0.0335297617402099,
    "p_value": 0.010091134902088903,
    "ci_lower": -0.15198003880214886,
    "ci_upper": -0.020543372780526065,
    "cumulative_15mo": -1.2939255868700619,
    "n_obs": 72,
    "r_squared": 0.4700307730584281
  }
}