Control,Comparison,Period_Pre,Period_Post,DiD_Estimate,SE,P_Value,Treat_Pre_Mean,Treat_Post_Mean,Ctrl_Pre_Mean,Ctrl_Post_Mean
China,Singapore Summit Effect,P1,P2,0.050273018623433086,0.007430907059145787,1.329463342899813e-11,-0.360984827938571,-0.31981803352599125,-0.32017420116842205,-0.3292804253792754
China,Hanoi Collapse Effect,P2,P3,0.0056552102096765755,0.007539284677392091,0.4531950567991556,-0.31981803352599125,-0.3377784078029102,-0.3292804253792754,-0.3528960098658709
China,Long-term Effect,P1,P3,0.05592822883310966,0.005827234885499963,8.172417089903645e-22,-0.360984827938571,-0.3377784078029102,-0.32017420116842205,-0.3528960098658709
Iran,Singapore Summit Effect,P1,P2,0.037535862922363106,0.009252838654996945,4.977388299894415e-05,-0.360984827938571,-0.31981803352599125,-0.4038074914116364,-0.40017655992141976
Iran,Hanoi Collapse Effect,P2,P3,0.009275291213863002,0.009172139723141704,0.3118986204741383,-0.31981803352599125,-0.3377784078029102,-0.40017655992141976,-0.4274122254122017
Iran,Long-term Effect,P1,P3,0.04681115413622611,0.006329202347309612,1.4028566898516751e-13,-0.360984827938571,-0.3377784078029102,-0.4038074914116364,-0.4274122254122017
Russia,Singapore Summit Effect,P1,P2,0.05458880167179625,0.006596280094358637,1.2770859625059938e-16,-0.360984827938571,-0.31981803352599125,-0.38049444532217924,-0.39391645258139574
Russia,Hanoi Collapse Effect,P2,P3,-0.028461850999098925,0.007029612630772256,5.1469796283879794e-05,-0.31981803352599125,-0.3377784078029102,-0.39391645258139574,-0.38341497585921575
Russia,Long-term Effect,P1,P3,0.026126950672697324,0.005369552856337873,1.1401832966984406e-06,-0.360984827938571,-0.3377784078029102,-0.38049444532217924,-0.38341497585921575
