{
  "parallel_trends": {
    "interaction_coef": 0.0022153905196167388,
    "interaction_p_value": 0.7347194062024822,
    "parallel_trends_holds": 1.0
  },
  "all_controls": {
    "control_group": "all",
    "n_observations": 120,
    "n_nk": 30,
    "n_control": 90,
    "pre_treatment_mean": -0.24405010848994305,
    "post_treatment_mean": -0.17672618635424353,
    "pre_control_mean": -0.24195538360838492,
    "post_control_mean": -0.27561526468274306,
    "did_simple": 0.10098380321005765,
    "did_coefficient": 0.10098380321005793,
    "did_std_error": 0.03419355376631534,
    "did_t_stat": 2.9532994405962802,
    "did_p_value": 0.0031439682987589846,
    "did_ci_lower": 0.03396566932464594,
    "did_ci_upper": 0.1680019370954699,
    "r_squared": 0.135364150892769,
    "r_squared_adj": 0.11300287893309913
  },
  "individual_controls": {
    "iran": {
      "control_group": "iran",
      "n_observations": 60,
      "n_nk": 30,
      "n_control": 30,
      "pre_treatment_mean": -0.24405010848994305,
      "post_treatment_mean": -0.17672618635424353,
      "pre_control_mean": -0.30603823365320454,
      "post_control_mean": -0.30800138700143254,
      "did_simple": 0.06928707548392751,
      "did_coefficient": 0.06928707548392747,
      "did_std_error": 0.03779472741460005,
      "did_t_stat": 1.8332471279356806,
      "did_p_value": 0.06676582822890986,
      "did_ci_lower": -0.00478922905419725,
      "did_ci_upper": 0.14336338002205218,
      "r_squared": 0.37500003200356324,
      "r_squared_adj": 0.341517890860897
    },
    "russia": {
      "control_group": "russia",
      "n_observations": 60,
      "n_nk": 30,
      "n_control": 30,
      "pre_treatment_mean": -0.24405010848994305,
      "post_treatment_mean": -0.17672618635424353,
      "pre_control_mean": -0.27516480785567343,
      "post_control_mean": -0.2993161568444516,
      "did_simple": 0.0914752711244777,
      "did_coefficient": 0.09147527112447768,
      "did_std_error": 0.03602534503727608,
      "did_t_stat": 2.5391920890647004,
      "did_p_value": 0.011110880039985725,
      "did_ci_lower": 0.020866892320787797,
      "did_ci_upper": 0.16208364992816754,
      "r_squared": 0.3293764151851115,
      "r_squared_adj": 0.29345015171288535
    },
    "china": {
      "control_group": "china",
      "n_observations": 60,
      "n_nk": 30,
      "n_control": 30,
      "pre_treatment_mean": -0.24405010848994305,
      "post_treatment_mean": -0.17672618635424353,
      "pre_control_mean": -0.14466310931627685,
      "post_control_mean": -0.21952825020234512,
      "did_simple": 0.1421890630217678,
      "did_coefficient": 0.1421890630217677,
      "did_std_error": 0.03668085961915327,
      "did_t_stat": 3.8763830645757906,
      "did_p_value": 0.00010602072641443748,
      "did_ci_lower": 0.0702958992462577,
      "did_ci_upper": 0.2140822267972777,
      "r_squared": 0.22699767339008847,
      "r_squared_adj": 0.18558683446455748
    }
  }
}