month,sentiment_mean,sentiment_std,post_count,topic
2017-01,-0.20144556680390116,0.3390773319850086,196,china
2017-02,-0.07669125299480407,0.29267791700771884,257,china
2017-03,-0.11563807445330711,0.3202696045500187,158,china
2017-04,-0.07748311734199524,0.34567690796620426,125,china
2017-05,-0.13566407111364526,0.3578836750883807,154,china
2017-06,-0.19724396537490113,0.2992266361485573,97,china
2017-07,-0.19188536822118543,0.3439029742019654,165,china
2017-08,-0.20193924770788532,0.2983318767386977,152,china
2017-09,-0.17763922071807886,0.2871171429843504,121,china
2017-10,-0.12374434078281578,0.33250658523485477,110,china
2017-11,-0.05968545903905039,0.3666725175856944,226,china
2017-12,-0.11748999833494803,0.3163331068362646,158,china
2018-01,-0.17762842532421383,0.35409450111177815,214,china
2018-02,-0.17110542221714486,0.29158541781100406,176,china
2018-03,-0.19527709141702337,0.3008697877618743,68,china
2018-04,-0.15580055959246777,0.364619904465227,81,china
2018-05,-0.2459249801976585,0.32601482301677165,87,china
2018-06,-0.33717960109744144,0.2904155785942496,98,china
2018-07,-0.1952675149983002,0.31141475256868284,72,china
2018-08,-0.17909219938791493,0.29947174642469737,103,china
2018-09,-0.3255318042722123,0.27725471606959534,121,china
2018-10,-0.1827939513048767,0.29575081496496675,113,china
2018-11,-0.2409146294483672,0.3054168334313241,92,china
2018-12,-0.25016574505246986,0.2657148972203734,119,china
2019-01,-0.23224067355982447,0.3683923111542369,262,china
2019-02,-0.23888635462982225,0.3132853515244829,94,china
2019-03,-0.15211483611933235,0.38801167532120445,206,china
2019-04,-0.07693608876849924,0.3582781712920721,196,china
2019-05,-0.2768204049061751,0.32716825226784746,256,china
2019-06,-0.2275055684851371,0.33976092068064473,902,china
2019-07,-0.2657732308651861,0.33871110575173624,181,china
2019-08,-0.29874825837429275,0.3437041764028132,352,china
2019-09,-0.237737616154415,0.3566063156698094,262,china
2019-10,-0.23648047203165723,0.41206837256250906,403,china
2019-11,-0.26229610413986637,0.3803223270949115,564,china
2019-12,-0.25684324594168123,0.37923451637916605,1083,china
