month,sentiment_mean,sentiment_std,post_count,topic
2017-01,-0.29379204890745525,0.29670500329077065,51,iran
2017-02,-0.2680295273107854,0.29773697304241425,148,iran
2017-03,-0.4095141708262657,0.33105789875047303,57,iran
2017-04,-0.32658429628031116,0.21454735370395753,90,iran
2017-05,-0.16586521895671333,0.29620229346896215,54,iran
2017-06,-0.3995457094869692,0.25858740491047805,137,iran
2017-07,-0.29171283668730147,0.3051828983911113,129,iran
2017-08,-0.3139587015143989,0.26520224142606613,97,iran
2017-09,-0.2643584906490463,0.29422717298085,132,iran
2017-10,-0.3365141901311027,0.30170597058475,249,iran
2017-11,-0.3338667145469273,0.2940501508968234,198,iran
2017-12,-0.314389534507479,0.28863215940716214,140,iran
2018-01,-0.24908715885280486,0.3043276469651865,277,iran
2018-02,-0.3173166724873033,0.328209655579585,94,iran
2018-03,-0.2290959392602627,0.2917572495459021,26,iran
2018-04,-0.32661495496459464,0.29420118015527097,47,iran
2018-05,-0.30812980480001356,0.2471293010571431,167,iran
2018-06,-0.2746825703921226,0.23262999906362716,26,iran
2018-07,-0.2609442663608027,0.3119011009903212,61,iran
2018-08,-0.2985522734373808,0.24988176621978297,75,iran
2018-09,-0.24648546747242409,0.3232882368825104,60,iran
2018-10,-0.34755488904193044,0.26897915895444396,24,iran
2018-11,-0.43057093045541217,0.3083371851930408,35,iran
2018-12,-0.29019208073064134,0.37971556305179766,54,iran
2019-01,-0.28043434914687404,0.2929360611556377,92,iran
2019-02,-0.25345661351812704,0.3016098496450764,131,iran
2019-03,-0.2682498930411976,0.3283377751820888,43,iran
2019-04,-0.470094868387695,0.2553443360580324,202,iran
2019-05,-0.2971749156569837,0.27837988271659675,389,iran
2019-06,-0.3457883753564576,0.27167442713955914,994,iran
2019-07,-0.3138274686472817,0.24115009333090834,422,iran
2019-08,-0.2808099504161094,0.28586062536228296,140,iran
2019-09,-0.2726605397172517,0.2684995271233213,426,iran
2019-10,-0.3917933895351923,0.27182910765539403,197,iran
2019-11,-0.39405924503091744,0.30509235490194586,191,iran
2019-12,-0.37998623452603636,0.31058115546486376,328,iran
