month,sentiment_mean,sentiment_std,post_count,topic
2017-01,-0.16816035865672996,0.262283254279502,35,nk
2017-02,-0.2483193412041053,0.3078468616337788,39,nk
2017-03,-0.3686950618112591,0.32096538286456133,71,nk
2017-04,-0.2209926948343892,0.3278847107308439,223,nk
2017-05,-0.16856758137617042,0.3833826553430982,102,nk
2017-06,-0.23869075926438887,0.32656889076416046,49,nk
2017-07,-0.14277807414769855,0.28332237665164567,219,nk
2017-08,-0.28031138089855995,0.286959975075576,372,nk
2017-09,-0.26377506494181924,0.29979176758377873,898,nk
2017-10,-0.35218607920798517,0.2925490253828332,420,nk
2017-11,-0.30521726818440403,0.3224716341376112,491,nk
2017-12,-0.340253916888703,0.28860778198037623,472,nk
2018-01,-0.11345039353938774,0.3760348378274071,800,nk
2018-02,-0.20530354390360267,0.3371328053030115,657,nk
2018-03,-0.16565658727830107,0.3052134535919483,154,nk
2018-04,-0.17408554708162063,0.322081411602136,339,nk
2018-05,-0.24041409433089397,0.3065024851224057,481,nk
2018-06,-0.09278747709102783,0.32441921798458323,510,nk
2018-07,-0.19161822325436445,0.3078944158391107,164,nk
2018-08,-0.262041555678511,0.2749468000897802,143,nk
2018-09,-0.008626032339710776,0.27318511517004423,179,nk
2018-10,-0.12641744995489718,0.2984946256854568,60,nk
2018-11,-0.2175547133827972,0.27130553456848155,86,nk
2018-12,-0.24313768279590026,0.2889010242473397,119,nk
2019-01,-0.08698142105059926,0.23217075355491043,114,nk
2019-02,-0.15520403800923147,0.3243555762421869,324,nk
2019-03,-0.26673654983017275,0.263679783655047,463,nk
2019-04,-0.1515714320497065,0.29721236224808584,189,nk
2019-05,-0.3434539613048415,0.30205951331745684,498,nk
2019-06,-0.1013322162353212,0.4036605609361467,336,nk
2019-07,-0.24262918308963924,0.2855068666400328,254,nk
2019-08,-0.23475269080941064,0.36195735729836537,258,nk
2019-09,-0.1930467926755999,0.34113765626123377,165,nk
2019-10,-0.2045286037663551,0.3087730076920547,293,nk
2019-11,-0.26750962886509005,0.2760229580352903,182,nk
2019-12,-0.27019683621823787,0.3252168965650809,500,nk
