month,sentiment_mean,sentiment_std,post_count,topic
2017-01,-0.21442767548538053,0.2639848643573165,97,russia
2017-02,-0.24616987063665186,0.25401523168168694,169,russia
2017-03,-0.24650518463853274,0.24357341387207174,183,russia
2017-04,-0.23184759251036963,0.24397138105752264,172,russia
2017-05,-0.19268268708610672,0.24964605453888644,174,russia
2017-06,-0.30987061269115657,0.28051832572763463,144,russia
2017-07,-0.21197986002755528,0.26038454674426115,262,russia
2017-08,-0.26987312439550126,0.27399653984413197,227,russia
2017-09,-0.3644554825344433,0.27027972925526744,192,russia
2017-10,-0.3310440103900996,0.2628331947201218,259,russia
2017-11,-0.261220799888665,0.26577249176026074,273,russia
2017-12,-0.32426978635324283,0.24486287873068868,376,russia
2018-01,-0.29674993037251274,0.2767603188023509,547,russia
2018-02,-0.35121069296921065,0.2523180052752147,545,russia
2018-03,-0.29119897845129555,0.3115886428644009,104,russia
2018-04,-0.3519980166548569,0.2444484561833388,152,russia
2018-05,-0.252051966143772,0.3273227535074898,100,russia
2018-06,-0.18299545389936142,0.28226159259153505,97,russia
2018-07,-0.31800262743049096,0.2567821474965969,257,russia
2018-08,-0.37771354942765245,0.2586636124430693,209,russia
2018-09,-0.33922637527575716,0.2679182394706348,192,russia
2018-10,-0.38646336926642477,0.26206445497406183,158,russia
2018-11,-0.32070334011634927,0.2815986089655938,311,russia
2018-12,-0.28293311391377224,0.29536605832954,265,russia
2019-01,-0.28859543712886726,0.2768353330108137,411,russia
2019-02,-0.21837980090312553,0.25662823862517364,284,russia
2019-03,-0.27205492957362104,0.256081068278697,350,russia
2019-04,-0.2680408905397306,0.28470582484386225,333,russia
2019-05,-0.33008097120706575,0.33128805268076955,415,russia
2019-06,-0.3086196895790835,0.3174351261054941,730,russia
2019-07,-0.30634906060039635,0.27460777730079394,164,russia
2019-08,-0.33808816138277703,0.29375466514572823,158,russia
2019-09,-0.2573765567169663,0.26663791509736723,209,russia
2019-10,-0.26609304854376375,0.32188010337914125,414,russia
2019-11,-0.3153305633523322,0.29570329555683483,327,russia
2019-12,-0.31752035969851555,0.2997147365855394,1001,russia
