month,framing_mean,framing_std,post_count,topic
2017-01,-0.8010204081632653,1.5144429388279992,196,china
2017-02,-0.0622568093385214,1.8275280981195186,257,china
2017-03,-1.0379746835443038,1.2044824770711922,158,china
2017-04,-0.648,1.6026993358987591,125,china
2017-05,-0.7987012987012987,1.2954413290426419,154,china
2017-06,-0.09278350515463918,1.6207153399219798,97,china
2017-07,-1.1939393939393939,1.2826086684193696,165,china
2017-08,-0.7105263157894737,1.3303964401803754,152,china
2017-09,-0.8099173553719008,1.1424684502337974,121,china
2017-10,-0.7727272727272727,1.4120002787969872,110,china
2017-11,-0.19911504424778761,1.4787980449733857,226,china
2017-12,-1.0,1.0095089302501374,158,china
2018-01,-0.8738317757009346,1.1497978143226943,214,china
2018-02,-0.9886363636363636,1.2235248207588545,176,china
2018-03,-0.5882352941176471,1.4886164478753374,68,china
2018-04,-0.9012345679012346,1.067765637576956,81,china
2018-05,-1.0804597701149425,1.2028879087583997,87,china
2018-06,-1.3775510204081634,1.1885649852549949,98,china
2018-07,-0.6666666666666666,1.2559716512455184,72,china
2018-08,-1.2427184466019416,1.0615011514173258,103,china
2018-09,-1.0330578512396693,0.9826315373994523,121,china
2018-10,-1.2566371681415929,1.1242359394427694,113,china
2018-11,-0.9239130434782609,1.2245985720574482,92,china
2018-12,-0.8991596638655462,1.230921922534552,119,china
2019-01,-1.1068702290076335,1.143040969267711,262,china
2019-02,-0.8191489361702128,1.3031208689468823,94,china
2019-03,-0.6893203883495146,1.2574005412917653,206,china
2019-04,-0.9591836734693877,1.1495226866472417,196,china
2019-05,-0.69140625,1.2023198063188791,256,china
2019-06,-0.43680709534368073,1.2402328754665397,902,china
2019-07,-0.6795580110497238,1.294034098470713,181,china
2019-08,-0.9630681818181818,1.0162776141735042,352,china
2019-09,-0.9236641221374046,0.9022604275324222,262,china
2019-10,-0.8014888337468983,1.0768009404816972,403,china
2019-11,-0.5673758865248227,1.0847233371411544,564,china
2019-12,-0.46814404432132967,1.1185096077518366,1083,china
