month,framing_mean,framing_std,post_count,topic
2017-01,-0.6666666666666666,1.6812693617224654,51,iran
2017-02,-1.0810810810810811,1.285785783797795,148,iran
2017-03,-1.0175438596491229,1.1098781797723738,57,iran
2017-04,-1.2222222222222223,1.322049632563505,90,iran
2017-05,-0.7222222222222222,1.559107953306279,54,iran
2017-06,-1.1897810218978102,1.292130290253318,137,iran
2017-07,-1.0852713178294573,1.281057959705193,129,iran
2017-08,-1.2061855670103092,1.1984203520493906,97,iran
2017-09,-1.378787878787879,1.1360189160229146,132,iran
2017-10,-0.5903614457831325,1.7088678428462605,249,iran
2017-11,-1.0101010101010102,1.5180467646264668,198,iran
2017-12,-0.8571428571428571,1.5620104577410798,140,iran
2018-01,-0.19855595667870035,1.7258472214600211,277,iran
2018-02,-0.4148936170212766,1.6938190891711369,94,iran
2018-03,-0.4230769230769231,1.6774522806465026,26,iran
2018-04,-0.48936170212765956,1.8635209827860797,47,iran
2018-05,-0.5209580838323353,1.7314884026738078,167,iran
2018-06,-0.8461538461538461,1.5150526774289452,26,iran
2018-07,-0.3114754098360656,1.8845068639351195,61,iran
2018-08,-0.92,1.4496970792622925,75,iran
2018-09,-0.9833333333333333,1.5125650754082058,60,iran
2018-10,-0.6666666666666666,1.578845661611168,24,iran
2018-11,-0.45714285714285713,1.2448212048052416,35,iran
2018-12,-1.1666666666666667,1.4373718154496617,54,iran
2019-01,-0.8695652173913043,1.5278901009349846,92,iran
2019-02,-0.8320610687022901,1.5988104797280007,131,iran
2019-03,-0.3023255813953488,1.6978261131577896,43,iran
2019-04,-1.1386138613861385,1.421439974602848,202,iran
2019-05,-0.9588688946015425,1.6382523866155694,389,iran
2019-06,-1.0261569416498995,1.477361873834888,994,iran
2019-07,-1.1658767772511849,1.4705248352861606,422,iran
2019-08,-0.6071428571428571,1.7203664850125298,140,iran
2019-09,-0.863849765258216,1.5523062814709154,426,iran
2019-10,-1.0456852791878173,1.3713333904606844,197,iran
2019-11,-0.6178010471204188,1.5236719436244701,191,iran
2019-12,-0.5884146341463414,1.521945455075692,328,iran
