month,framing_mean,framing_std,post_count,topic
2017-01,-1.4857142857142858,1.0108653419203757,35,nk
2017-02,-0.8461538461538461,1.646982272912325,39,nk
2017-03,-1.2816901408450705,1.3646883327239363,71,nk
2017-04,-0.9506726457399103,1.6308641923771894,223,nk
2017-05,-0.7058823529411765,1.6744334658524613,102,nk
2017-06,-0.2857142857142857,1.7911821050170564,49,nk
2017-07,-1.6621004566210045,0.9838033148649379,219,nk
2017-08,-1.1129032258064515,1.5672336131402633,372,nk
2017-09,-1.7037861915367483,0.8281603950043174,898,nk
2017-10,-0.8,1.7716947107138294,420,nk
2017-11,-1.19959266802444,1.4317392865890277,491,nk
2017-12,-1.194915254237288,1.3355086792280135,472,nk
2018-01,-0.13875,1.8244613620400314,800,nk
2018-02,-0.060882800608828,1.6663659378981757,657,nk
2018-03,0.4675324675324675,1.7681600464662017,154,nk
2018-04,0.6843657817109144,1.7984437212408437,339,nk
2018-05,-0.12474012474012475,1.923817598181841,481,nk
2018-06,0.17647058823529413,1.7674850030118936,510,nk
2018-07,-0.1951219512195122,1.7959670183633467,164,nk
2018-08,-0.3006993006993007,1.7921384072986668,143,nk
2018-09,0.441340782122905,1.8115330868598973,179,nk
2018-10,0.2833333333333333,1.8048115227824653,60,nk
2018-11,-1.1162790697674418,1.4983803385158552,86,nk
2018-12,-0.44537815126050423,1.516561001425268,119,nk
2019-01,0.03508771929824561,1.823784961325645,114,nk
2019-02,0.9876543209876543,1.5638630201429866,324,nk
2019-03,-0.2634989200863931,1.5994135368300995,463,nk
2019-04,0.291005291005291,1.7243480251022376,189,nk
2019-05,-0.6485943775100401,1.6756655880894478,498,nk
2019-06,0.46130952380952384,1.6386170213674072,336,nk
2019-07,-0.6496062992125984,1.742079717355162,254,nk
2019-08,-1.1046511627906976,1.5383229265915668,258,nk
2019-09,0.26666666666666666,1.8450108510928613,165,nk
2019-10,-0.39590443686006827,1.8056940809904873,293,nk
2019-11,-0.3516483516483517,1.8320270835269534,182,nk
2019-12,-1.15,1.4750768466106485,500,nk
