month,framing_mean,framing_std,post_count,topic
2017-01,-0.21649484536082475,1.4806164546940077,97,russia
2017-02,-0.30177514792899407,1.6825601727293111,169,russia
2017-03,-0.20765027322404372,1.5550507740862318,183,russia
2017-04,-0.7616279069767442,1.127089986356591,172,russia
2017-05,-0.09195402298850575,1.451586207603637,174,russia
2017-06,-0.6805555555555556,1.2663077641455702,144,russia
2017-07,-0.03435114503816794,1.6125594701613681,262,russia
2017-08,-0.801762114537445,1.1211547759590046,227,russia
2017-09,-0.8229166666666666,1.314397054187146,192,russia
2017-10,-0.7065637065637066,1.2446767920477095,259,russia
2017-11,-0.46153846153846156,1.3226618574451563,273,russia
2017-12,-0.7101063829787234,1.2705920884844002,376,russia
2018-01,-0.7330895795246801,1.0664987378777697,547,russia
2018-02,-0.8018348623853211,1.1793241499352998,545,russia
2018-03,-1.0480769230769231,1.1690159141849286,104,russia
2018-04,-0.7368421052631579,1.243456207167168,152,russia
2018-05,-0.67,1.4428857168602065,100,russia
2018-06,0.1134020618556701,1.5869013875303353,97,russia
2018-07,-0.0933852140077821,1.5433308576539158,257,russia
2018-08,-0.6746411483253588,1.2782868607988518,209,russia
2018-09,-1.203125,1.132753964681924,192,russia
2018-10,-1.1518987341772151,1.2165379257186202,158,russia
2018-11,-0.9903536977491961,1.4311861323608774,311,russia
2018-12,-0.7358490566037735,1.489241002997358,265,russia
2019-01,-0.8077858880778589,1.0996840845222724,411,russia
2019-02,-0.3873239436619718,1.3907752194168943,284,russia
2019-03,-0.6771428571428572,1.161114402525059,350,russia
2019-04,-0.6036036036036037,1.4031759111306528,333,russia
2019-05,-0.2385542168674699,1.330960871648823,415,russia
2019-06,-0.2863013698630137,1.4426213631413507,730,russia
2019-07,-0.725609756097561,1.1368140796468769,164,russia
2019-08,-0.5126582278481012,1.2656024560324266,158,russia
2019-09,0.023923444976076555,1.3061989459568726,209,russia
2019-10,0.0024154589371980675,1.5062401151884977,414,russia
2019-11,-0.3180428134556575,1.2785674827623827,327,russia
2019-12,-0.2907092907092907,1.3756466102904474,1001,russia
